{
  "project_info": {
    "project_number": "263251989281",
    "project_id": "birdeye-dd42a",
    "storage_bucket": "birdeye-dd42a.appspot.com"
  },
  "client": [
    {
      "client_info": {
        "mobilesdk_app_id": "1:263251989281:android:18958e248329e129976460",
        "android_client_info": {
          "package_name": "com.example.birdeye"
        }
      },
      "oauth_client": [],
      "api_key": [
        {
          "current_key": "AIzaSyCRmE7OQaNL_hxZGuTg6IH4tvKLtzyJJ_M"
        }
      ],
      "services": {
        "appinvite_service": {
          "other_platform_oauth_client": []
        }
      }
    }
  ],
  "configuration_version": "1"
}